trigger,invocation_count,window_start_s
event,10994063,0
event,10939968,3600
event,11466966,7200
event,11419035,10800
event,11689430,14400
event,12742338,18000
event,12569788,21600
event,12263219,25200
event,13049898,28800
event,13258204,32400
event,12779230,36000
event,12847761,39600
event,13036764,43200
event,13339232,46800
event,13439714,50400
event,13439274,54000
event,12781710,57600
event,13193514,61200
event,13712363,64800
event,13264965,68400
event,12532086,72000
event,12079355,75600
event,11396056,79200
event,11004185,82800
event,11636655,86400
event,11404752,90000
event,11464446,93600
event,11700749,97200
event,11989102,100800
event,13092026,104400
event,12822041,108000
event,12645294,111600
event,12961158,115200
event,12635567,118800
event,12181597,122400
event,12582116,126000
event,13109175,129600
event,13289151,133200
event,13202462,136800
event,13350969,140400
event,12703430,144000
event,12998016,147600
event,13337652,151200
event,13006968,154800
event,12328457,158400
event,12433326,162000
event,11614015,165600
event,11489662,169200
event,11959496,172800
event,11844055,176400
event,11754091,180000
event,11646517,183600
event,11828133,187200
event,12787730,190800
event,12435073,194400
event,12447354,198000
event,12805474,201600
event,12932362,205200
event,12597437,208800
event,12658795,212400
event,12709972,216000
event,13194906,219600
event,12944246,223200
event,12884327,226800
event,12288702,230400
event,12416319,234000
event,13090097,237600
event,12741819,241200
event,12320950,244800
event,11404843,248400
event,11013323,252000
event,10992559,255600
event,11422448,259200
event,11208614,262800
event,11273513,266400
event,11356622,270000
event,11684602,273600
event,12758663,277200
event,12232499,280800
event,12382295,284400
event,12563247,288000
event,12721750,291600
event,12065223,295200
event,12170109,298800
event,12544254,302400
event,13067821,306000
event,13899358,309600
event,13139195,313200
event,12461898,316800
event,13350055,320400
event,13680816,324000
event,12684129,327600
event,12594443,331200
event,11656569,334800
event,11398810,338400
event,11537861,342000
event,11842154,345600
event,11775457,349200
event,11869671,352800
event,11551076,356400
event,11210219,360000
event,12564844,363600
event,12091572,367200
event,12424113,370800
event,12610468,374400
event,12574640,378000
event,12553965,381600
event,12275997,385200
event,12573906,388800
event,12898543,392400
event,13060267,396000
event,12796577,399600
event,12378671,403200
event,12061264,406800
event,12474561,410400
event,12394712,414000
event,11441869,417600
event,10835560,421200
event,9822115,424800
event,9648674,428400
event,10008594,432000
event,10032061,435600
event,9840599,439200
event,9380435,442800
event,9424324,446400
event,9507933,450000
event,9575508,453600
event,9460829,457200
event,9946400,460800
event,10023281,464400
event,9832062,468000
event,10147660,471600
event,10852652,475200
event,11622432,478800
event,11016349,482400
event,10414630,486000
event,10273746,489600
event,10678548,493200
event,11437779,496800
event,10399535,500400
event,10246066,504000
event,9961163,507600
event,9914171,511200
event,10017593,514800
event,10198408,518400
event,9707308,522000
event,9864276,525600
event,10001257,529200
event,9486993,532800
event,10603031,536400
event,10226545,540000
event,10298216,543600
event,10061820,547200
event,9577022,550800
event,9634777,554400
event,9737004,558000
event,9849231,561600
event,10195433,565200
event,9951371,568800
event,10368088,572400
event,10067269,576000
event,10174102,579600
event,10266020,583200
event,10104464,586800
event,10077235,590400
event,10067049,594000
event,9815326,597600
event,10050017,601200
event,10226752,604800
event,9705575,608400
event,9908202,612000
event,10125893,615600
event,10184149,619200
event,11440614,622800
event,10916693,626400
event,10756747,630000
event,10710795,633600
event,11040325,637200
event,10968627,640800
event,11637447,644400
event,11747689,648000
event,12325288,651600
event,12897040,655200
event,13107826,658800
event,12081555,662400
event,11878806,666000
event,12019957,669600
event,11799210,673200
event,11720742,676800
event,11113111,680400
event,10925999,684000
event,11059520,687600
event,11024631,691200
event,10771603,694800
event,10588121,698400
event,10827615,702000
event,11440224,705600
event,12580703,709200
event,11563765,712800
event,11468028,716400
event,10252885,720000
event,10698211,723600
event,11832311,727200
event,11136356,730800
event,11612500,734400
event,12208735,738000
event,12960773,741600
event,12682501,745200
event,12100100,748800
event,12092001,752400
event,13257931,756000
event,12149197,759600
event,11638432,763200
event,11287265,766800
event,10984341,770400
event,10768071,774000
event,11183240,777600
event,10855721,781200
event,10323556,784800
event,10486371,788400
event,10657464,792000
event,11069148,795600
event,11261816,799200
event,11032377,802800
event,10941421,806400
event,10786910,810000
event,11135634,813600
event,11229504,817200
event,11416831,820800
event,11720921,824400
event,11833935,828000
event,11630294,831600
event,12361884,835200
event,12813014,838800
event,11848256,842400
event,11808817,846000
event,11516698,849600
event,11362409,853200
event,11649734,856800
event,11046130,860400
event,10993099,864000
event,10342987,867600
event,10773059,871200
event,10945192,874800
event,10831003,878400
event,11548218,882000
event,11638236,885600
event,11844238,889200
event,11714629,892800
event,12054748,896400
event,11506426,900000
event,11465475,903600
event,12106009,907200
event,12479904,910800
event,12361537,914400
event,12376435,918000
event,12024416,921600
event,12292807,925200
event,13133728,928800
event,12373179,932400
event,11860826,936000
event,11796813,939600
event,11210980,943200
event,11027065,946800
event,11812133,950400
event,11152135,954000
event,11359543,957600
event,11359309,961200
event,11340856,964800
event,12708855,968400
event,12465767,972000
event,12281910,975600
event,12149322,979200
event,12617698,982800
event,11973138,986400
event,11641595,990000
event,12241583,993600
event,12260700,997200
event,12395595,1000800
event,12422711,1004400
event,12067982,1008000
event,12075644,1011600
event,12804242,1015200
event,12199073,1018800
event,11791087,1022400
event,11262705,1026000
event,11033409,1029600
event,10746840,1033200
event,11488567,1036800
event,10783135,1040400
event,10971474,1044000
event,10777842,1047600
event,10358207,1051200
event,11827398,1054800
event,11731222,1058400
event,12410696,1062000
event,12245947,1065600
event,11107159,1069200
event,10933868,1072800
event,10652101,1076400
event,10993639,1080000
event,10917643,1083600
event,11081054,1087200
event,11116241,1090800
event,10993957,1094400
event,11010670,1098000
event,11910668,1101600
event,11226851,1105200
event,10684316,1108800
event,10418920,1112400
event,10208580,1116000
event,10430612,1119600
event,11123774,1123200
event,10006816,1126800
event,10020351,1130400
event,9982705,1134000
event,9944837,1137600
event,10969962,1141200
event,11112820,1144800
event,10679406,1148400
event,11220374,1152000
event,11139798,1155600
event,10213887,1159200
event,9868694,1162800
event,10107006,1166400
event,10483758,1170000
event,10723766,1173600
event,10173041,1177200
event,10082062,1180800
event,10123779,1184400
event,11155875,1188000
event,10301363,1191600
event,9741357,1195200
event,9803648,1198800
event,9927669,1202400
event,9937128,1206000
http,7209763,0
http,7154709,3600
http,7346953,7200
http,7170062,10800
http,7206451,14400
http,7350963,18000
http,7606723,21600
http,7960441,25200
http,7845813,28800
http,7983841,32400
http,8214001,36000
http,8467126,39600
http,8898802,43200
http,9419876,46800
http,9259652,50400
http,9143444,54000
http,8994905,57600
http,8876175,61200
http,8647300,64800
http,8670079,68400
http,8554163,72000
http,8402216,75600
http,7888557,79200
http,7722205,82800
http,7857497,86400
http,7773366,90000
http,7734899,93600
http,7627024,97200
http,7407942,100800
http,7603080,104400
http,7897956,108000
http,8391821,111600
http,8379240,115200
http,8307580,118800
http,8486540,122400
http,8613103,126000
http,8999309,129600
http,9431582,133200
http,9400922,136800
http,9309605,140400
http,9200821,144000
http,9050788,147600
http,8998760,151200
http,9049014,154800
http,8761378,158400
http,8893012,162000
http,8576376,165600
http,8285097,169200
http,8221078,172800
http,8368195,176400
http,7874391,180000
http,7549462,183600
http,7585651,187200
http,7748128,190800
http,8073359,194400
http,8485781,198000
http,8373435,201600
http,8658819,205200
http,8554453,208800
http,8785776,212400
http,9537534,216000
http,9768733,219600
http,9945510,223200
http,10175812,226800
http,9646947,230400
http,9603108,234000
http,9217778,237600
http,9199812,241200
http,9323385,244800
http,9270960,248400
http,8878719,252000
http,8606430,255600
http,8651194,259200
http,8771670,262800
http,8446431,266400
http,8211257,270000
http,8259168,273600
http,8371776,277200
http,9197497,280800
http,9767663,284400
http,9791644,288000
http,9574153,291600
http,9320051,295200
http,10001539,298800
http,10051585,302400
http,10525688,306000
http,9876602,309600
http,9667615,313200
http,9780891,316800
http,9461024,320400
http,9439566,324000
http,9369570,327600
http,9542284,331200
http,9278075,334800
http,8601572,338400
http,8186559,342000
http,8128316,345600
http,7810208,349200
http,7402069,352800
http,7256658,356400
http,7559932,360000
http,7850517,363600
http,8920764,367200
http,9222539,370800
http,8915447,374400
http,8917105,378000
http,8953527,381600
http,9323840,385200
http,9339005,388800
http,9904955,392400
http,9770824,396000
http,10040075,399600
http,9346151,403200
http,9364107,406800
http,9035138,410400
http,9153547,414000
http,8809137,417600
http,8561472,421200
http,7949597,424800
http,7498723,428400
http,7539528,432000
http,7589455,435600
http,7345253,439200
http,7147858,442800
http,7198781,446400
http,7513570,450000
http,7824437,453600
http,8050538,457200
http,7684854,460800
http,7672394,464400
http,7845837,468000
http,8318761,471600
http,7927848,475200
http,7956847,478800
http,7860188,482400
http,7771337,486000
http,8035857,489600
http,7891477,493200
http,7683958,496800
http,7578669,500400
http,7512007,504000
http,7594763,507600
http,7344357,511200
http,7152662,514800
http,7225394,518400
http,7331623,522000
http,7011734,525600
http,6884969,529200
http,6924718,532800
http,7004462,536400
http,7262284,540000
http,7642483,543600
http,7524503,547200
http,7613366,550800
http,7667951,554400
http,7697055,558000
http,7791347,561600
http,7940423,565200
http,7946915,568800
http,7990096,572400
http,8159092,576000
http,8221955,579600
http,8122475,583200
http,8050208,586800
http,7960875,590400
http,8038496,594000
http,7660686,597600
http,7415089,601200
http,7533121,604800
http,7594634,608400
http,7457876,612000
http,7376302,615600
http,7422990,619200
http,7688953,622800
http,8323375,626400
http,9035201,630000
http,8416138,633600
http,8353130,637200
http,8395338,640800
http,8846066,644400
http,9636420,648000
http,9620128,651600
http,9840699,655200
http,9401713,658800
http,9251920,662400
http,9240516,666000
http,8701640,669600
http,8810184,673200
http,8896250,676800
http,8921081,680400
http,8463162,684000
http,8040299,687600
http,8014690,691200
http,7758366,694800
http,7610018,698400
http,7507869,702000
http,7507101,705600
http,7733988,709200
http,8004166,712800
http,8464462,716400
http,8546592,720000
http,8602200,723600
http,8551051,727200
http,8654172,730800
http,8915371,734400
http,9675056,738000
http,9656189,741600
http,9206768,745200
http,8993811,748800
http,16665069,752400
http,11449070,756000
http,9589168,759600
http,9852041,763200
http,9871155,766800
http,9325949,770400
http,9052593,774000
http,8991382,777600
http,8961150,781200
http,8844564,784800
http,8581043,788400
http,7852571,792000
http,7701195,795600
http,8108838,799200
http,8285870,802800
http,8219655,806400
http,8651613,810000
http,8504469,813600
http,8518398,817200
http,8804683,820800
http,9302616,824400
http,9294784,828000
http,9793566,831600
http,9198762,835200
http,9039627,838800
http,9021733,842400
http,8790324,846000
http,8648284,849600
http,8680688,853200
http,8132946,856800
http,7923527,860400
http,8066259,864000
http,7813920,867600
http,7532139,871200
http,7313238,874800
http,7415807,878400
http,7481623,882000
http,7778049,885600
http,8372624,889200
http,8373621,892800
http,8835667,896400
http,8189684,900000
http,8496509,903600
http,9074281,907200
http,9262918,910800
http,9125734,914400
http,8973846,918000
http,8941397,921600
http,8987535,925200
http,8902615,928800
http,8816106,932400
http,8635475,936000
http,8573508,939600
http,7972881,943200
http,7614777,946800
http,7734879,950400
http,7833146,954000
http,7461866,957600
http,7340441,961200
http,7549595,964800
http,7606524,968400
http,7672457,972000
http,7955624,975600
http,8048177,979200
http,8173603,982800
http,8180912,986400
http,8486839,990000
http,8797330,993600
http,9106032,997200
http,9210455,1000800
http,9050579,1004400
http,9326174,1008000
http,8959396,1011600
http,8589709,1015200
http,8626973,1018800
http,8403378,1022400
http,8181184,1026000
http,7808899,1029600
http,7555152,1033200
http,7692287,1036800
http,7567380,1040400
http,7398486,1044000
http,7210293,1047600
http,7127224,1051200
http,7246471,1054800
http,7305935,1058400
http,7689883,1062000
http,7640701,1065600
http,7664801,1069200
http,7617853,1072800
http,7543972,1076400
http,7681145,1080000
http,7978661,1083600
http,8070129,1087200
http,8170971,1090800
http,8392857,1094400
http,8229051,1098000
http,8049798,1101600
http,7834158,1105200
http,7757757,1108800
http,7724768,1112400
http,7601623,1116000
http,7450440,1119600
http,7497241,1123200
http,7430179,1126800
http,7223614,1130400
http,7076762,1134000
http,7039285,1137600
http,7101271,1141200
http,7280458,1144800
http,7735998,1148400
http,7860258,1152000
http,7675995,1155600
http,7616604,1159200
http,7620251,1162800
http,7864717,1166400
http,8052788,1170000
http,8225775,1173600
http,8205558,1177200
http,8276120,1180800
http,8345395,1184400
http,8307782,1188000
http,8175761,1191600
http,8312103,1195200
http,8342206,1198800
http,7942588,1202400
http,7842491,1206000
orchestration,384336,0
orchestration,334476,3600
orchestration,318581,7200
orchestration,337616,10800
orchestration,370029,14400
orchestration,310722,18000
orchestration,572265,21600
orchestration,774302,25200
orchestration,906360,28800
orchestration,962390,32400
orchestration,712437,36000
orchestration,401625,39600
orchestration,436751,43200
orchestration,413448,46800
orchestration,380079,50400
orchestration,398426,54000
orchestration,411365,57600
orchestration,389524,61200
orchestration,422429,64800
orchestration,372291,68400
orchestration,351869,72000
orchestration,369721,75600
orchestration,377018,79200
orchestration,345556,82800
orchestration,380655,86400
orchestration,346452,90000
orchestration,337756,93600
orchestration,358222,97200
orchestration,402973,100800
orchestration,330601,104400
orchestration,542011,108000
orchestration,739229,111600
orchestration,911635,115200
orchestration,925623,118800
orchestration,770923,122400
orchestration,616855,126000
orchestration,495749,129600
orchestration,401798,133200
orchestration,390410,136800
orchestration,425940,140400
orchestration,393228,144000
orchestration,421778,147600
orchestration,440295,151200
orchestration,413832,154800
orchestration,398787,158400
orchestration,380220,162000
orchestration,418298,165600
orchestration,365041,169200
orchestration,386770,172800
orchestration,353381,176400
orchestration,360639,180000
orchestration,373758,183600
orchestration,388002,187200
orchestration,321965,190800
orchestration,325575,194400
orchestration,312707,198000
orchestration,660864,201600
orchestration,739337,205200
orchestration,902996,208800
orchestration,747713,212400
orchestration,728728,216000
orchestration,451219,219600
orchestration,405866,223200
orchestration,386994,226800
orchestration,420804,230400
orchestration,446898,234000
orchestration,476439,237600
orchestration,437590,241200
orchestration,508282,244800
orchestration,404862,248400
orchestration,388896,252000
orchestration,357382,255600
orchestration,387499,259200
orchestration,348264,262800
orchestration,367968,266400
orchestration,368778,270000
orchestration,376895,273600
orchestration,343648,277200
orchestration,548264,280800
orchestration,867975,284400
orchestration,987382,288000
orchestration,912290,291600
orchestration,557083,295200
orchestration,379761,298800
orchestration,437418,302400
orchestration,421494,306000
orchestration,403431,309600
orchestration,424980,313200
orchestration,436408,316800
orchestration,421654,320400
orchestration,441583,324000
orchestration,411191,327600
orchestration,408039,331200
orchestration,421749,334800
orchestration,462186,338400
orchestration,488265,342000
orchestration,532738,345600
orchestration,511203,349200
orchestration,460104,352800
orchestration,482893,356400
orchestration,515509,360000
orchestration,500014,363600
orchestration,647919,367200
orchestration,811115,370800
orchestration,1006355,374400
orchestration,1113759,378000
orchestration,1126859,381600
orchestration,1106734,385200
orchestration,966017,388800
orchestration,598613,392400
orchestration,534651,396000
orchestration,596805,399600
orchestration,575683,403200
orchestration,536243,406800
orchestration,528079,410400
orchestration,545146,414000
orchestration,507398,417600
orchestration,492163,421200
orchestration,464237,424800
orchestration,481533,428400
orchestration,495558,432000
orchestration,432166,435600
orchestration,442841,439200
orchestration,445810,442800
orchestration,481160,446400
orchestration,385753,450000
orchestration,680348,453600
orchestration,908291,457200
orchestration,888137,460800
orchestration,988410,464400
orchestration,1139648,468000
orchestration,865954,471600
orchestration,584766,475200
orchestration,502395,478800
orchestration,522314,482400
orchestration,558028,486000
orchestration,520012,489600
orchestration,492181,493200
orchestration,511287,496800
orchestration,474579,500400
orchestration,474358,504000
orchestration,454283,507600
orchestration,428008,511200
orchestration,443536,514800
orchestration,491737,518400
orchestration,434218,522000
orchestration,410604,525600
orchestration,444051,529200
orchestration,458131,532800
orchestration,405844,536400
orchestration,512907,540000
orchestration,799702,543600
orchestration,969118,547200
orchestration,945856,550800
orchestration,1036130,554400
orchestration,645423,558000
orchestration,556086,561600
orchestration,524498,565200
orchestration,538272,568800
orchestration,541433,572400
orchestration,530331,576000
orchestration,502922,579600
orchestration,500324,583200
orchestration,482829,586800
orchestration,492318,590400
orchestration,478986,594000
orchestration,419764,597600
orchestration,478528,601200
orchestration,524088,604800
orchestration,429126,608400
orchestration,454337,612000
orchestration,441967,615600
orchestration,524619,619200
orchestration,492906,622800
orchestration,658796,626400
orchestration,962826,630000
orchestration,856354,633600
orchestration,526884,637200
orchestration,465695,640800
orchestration,472322,644400
orchestration,540762,648000
orchestration,525448,651600
orchestration,507887,655200
orchestration,532863,658800
orchestration,552752,662400
orchestration,514820,666000
orchestration,532104,669600
orchestration,521201,673200
orchestration,514008,676800
orchestration,472483,680400
orchestration,535012,684000
orchestration,374502,687600
orchestration,416995,691200
orchestration,353526,694800
orchestration,333262,698400
orchestration,360745,702000
orchestration,391148,705600
orchestration,329527,709200
orchestration,546166,712800
orchestration,840926,716400
orchestration,858964,720000
orchestration,1017692,723600
orchestration,998979,727200
orchestration,593567,730800
orchestration,459135,734400
orchestration,505971,738000
orchestration,436171,741600
orchestration,490846,745200
orchestration,484084,748800
orchestration,427499,752400
orchestration,441031,756000
orchestration,425196,759600
orchestration,451878,763200
orchestration,398526,766800
orchestration,396267,770400
orchestration,412137,774000
orchestration,425704,777600
orchestration,386317,781200
orchestration,329185,784800
orchestration,358830,788400
orchestration,428718,792000
orchestration,380818,795600
orchestration,698576,799200
orchestration,777242,802800
orchestration,846401,806400
orchestration,1010344,810000
orchestration,864951,813600
orchestration,423944,817200
orchestration,469730,820800
orchestration,468225,824400
orchestration,525122,828000
orchestration,508726,831600
orchestration,487622,835200
orchestration,480809,838800
orchestration,463776,842400
orchestration,453797,846000
orchestration,485563,849600
orchestration,451756,853200
orchestration,437987,856800
orchestration,399673,860400
orchestration,434684,864000
orchestration,405593,867600
orchestration,359650,871200
orchestration,447337,874800
orchestration,460735,878400
orchestration,379728,882000
orchestration,558175,885600
orchestration,829096,889200
orchestration,874483,892800
orchestration,807721,896400
orchestration,1034015,900000
orchestration,674312,903600
orchestration,488252,907200
orchestration,541736,910800
orchestration,457402,914400
orchestration,550263,918000
orchestration,561109,921600
orchestration,454144,925200
orchestration,464669,928800
orchestration,523371,932400
orchestration,539359,936000
orchestration,501525,939600
orchestration,506515,943200
orchestration,486534,946800
orchestration,463797,950400
orchestration,393928,954000
orchestration,368046,957600
orchestration,379632,961200
orchestration,418187,964800
orchestration,359770,968400
orchestration,523229,972000
orchestration,740322,975600
orchestration,992730,979200
orchestration,1133309,982800
orchestration,781977,986400
orchestration,459490,990000
orchestration,453904,993600
orchestration,449436,997200
orchestration,490977,1000800
orchestration,540339,1004400
orchestration,497536,1008000
orchestration,446559,1011600
orchestration,478157,1015200
orchestration,484305,1018800
orchestration,463539,1022400
orchestration,410891,1026000
orchestration,386488,1029600
orchestration,357927,1033200
orchestration,428638,1036800
orchestration,365883,1040400
orchestration,378238,1044000
orchestration,364907,1047600
orchestration,408852,1051200
orchestration,341869,1054800
orchestration,525902,1058400
orchestration,808288,1062000
orchestration,807291,1065600
orchestration,437044,1069200
orchestration,420856,1072800
orchestration,413303,1076400
orchestration,466012,1080000
orchestration,425809,1083600
orchestration,427957,1087200
orchestration,450740,1090800
orchestration,449162,1094400
orchestration,419930,1098000
orchestration,444191,1101600
orchestration,368265,1105200
orchestration,386864,1108800
orchestration,375775,1112400
orchestration,373360,1116000
orchestration,333251,1119600
orchestration,419033,1123200
orchestration,373889,1126800
orchestration,347422,1130400
orchestration,361155,1134000
orchestration,431913,1137600
orchestration,327883,1141200
orchestration,577356,1144800
orchestration,680267,1148400
orchestration,793881,1152000
orchestration,804702,1155600
orchestration,936388,1159200
orchestration,659166,1162800
orchestration,478544,1166400
orchestration,476655,1170000
orchestration,444755,1173600
orchestration,468192,1177200
orchestration,441849,1180800
orchestration,420865,1184400
orchestration,406994,1188000
orchestration,380078,1191600
orchestration,394888,1195200
orchestration,385640,1198800
orchestration,395911,1202400
orchestration,382591,1206000
others,23165,0
others,21228,3600
others,110120,7200
others,66047,10800
others,45274,14400
others,44479,18000
others,51182,21600
others,30514,25200
others,30232,28800
others,26422,32400
others,21699,36000
others,21825,39600
others,26737,43200
others,27560,46800
others,27470,50400
others,22811,54000
others,23170,57600
others,22731,61200
others,25959,64800
others,22073,68400
others,21891,72000
others,23283,75600
others,21460,79200
others,24606,82800
others,69199,86400
others,67980,90000
others,57282,93600
others,54269,97200
others,65215,100800
others,51456,104400
others,80194,108000
others,56665,111600
others,68160,115200
others,52835,118800
others,55971,122400
others,128988,126000
others,207209,129600
others,56152,133200
others,53421,136800
others,46721,140400
others,44100,144000
others,39701,147600
others,36101,151200
others,27194,154800
others,22471,158400
others,22246,162000
others,22216,165600
others,22538,169200
others,63612,172800
others,59889,176400
others,61216,180000
others,59969,183600
others,65066,187200
others,62448,190800
others,77570,194400
others,60898,198000
others,98435,201600
others,61979,205200
others,60390,208800
others,55644,212400
others,35066,216000
others,36809,219600
others,32547,223200
others,32727,226800
others,34016,230400
others,27217,234000
others,25694,237600
others,25112,241200
others,22124,244800
others,24179,248400
others,23346,252000
others,23891,255600
others,35763,259200
others,31156,262800
others,32301,266400
others,28363,270000
others,35117,273600
others,34797,277200
others,50476,280800
others,32889,284400
others,29292,288000
others,27792,291600
others,28442,295200
others,29851,298800
others,25723,302400
others,28730,306000
others,25599,309600
others,23998,313200
others,23801,316800
others,25318,320400
others,23852,324000
others,23560,327600
others,23438,331200
others,22241,334800
others,26209,338400
others,50947,342000
others,60347,345600
others,53738,349200
others,55698,352800
others,57719,356400
others,58737,360000
others,69816,363600
others,93999,367200
others,167011,370800
others,75833,374400
others,119462,378000
others,227178,381600
others,56974,385200
others,83167,388800
others,72626,392400
others,349094,396000
others,206342,399600
others,136341,403200
others,101595,406800
others,221154,410400
others,209893,414000
others,80958,417600
others,25481,421200
others,42324,424800
others,65781,428400
others,24398,432000
others,31790,435600
others,21148,439200
others,18408,442800
others,25374,446400
others,28998,450000
others,49179,453600
others,21526,457200
others,15742,460800
others,15628,464400
others,16239,468000
others,14593,471600
others,18401,475200
others,17112,478800
others,17787,482400
others,18023,486000
others,18304,489600
others,20228,493200
others,19173,496800
others,16792,500400
others,17165,504000
others,16617,507600
others,16507,511200
others,19118,514800
others,17018,518400
others,17475,522000
others,19943,525600
others,16694,529200
others,21324,532800
others,27251,536400
others,36751,540000
others,40526,543600
others,20695,547200
others,14252,550800
others,13121,554400
others,13890,558000
others,14871,561600
others,15218,565200
others,15009,568800
others,15476,572400
others,15788,576000
others,16467,579600
others,15990,583200
others,16048,586800
others,17269,590400
others,19196,594000
others,112090,597600
others,33426,601200
others,22846,604800
others,22124,608400
others,99567,612000
others,60822,615600
others,49836,619200
others,44944,622800
others,84872,626400
others,56163,630000
others,25875,633600
others,20563,637200
others,20037,640800
others,22229,644400
others,28443,648000
others,24778,651600
others,23154,655200
others,23156,658800
others,21887,662400
others,22390,666000
others,21277,669600
others,30289,673200
others,20855,676800
others,21560,680400
others,21317,684000
others,22987,687600
others,57344,691200
others,68905,694800
others,60216,698400
others,22851,702000
others,27318,705600
others,23810,709200
others,39286,712800
others,36279,716400
others,29827,720000
others,23723,723600
others,23600,727200
others,24305,730800
others,34779,734400
others,34841,738000
others,34391,741600
others,27282,745200
others,27054,748800
others,22589,752400
others,22131,756000
others,25370,759600
others,25104,763200
others,20021,766800
others,34046,770400
others,26850,774000
others,119780,777600
others,136045,781200
others,213072,784800
others,88460,788400
others,142673,792000
others,121770,795600
others,132131,799200
others,148283,802800
others,158698,806400
others,116956,810000
others,109135,813600
others,115082,817200
others,118001,820800
others,114282,824400
others,102871,828000
others,97704,831600
others,93808,835200
others,93310,838800
others,39983,842400
others,22886,846000
others,20751,849600
others,22173,853200
others,20286,856800
others,25661,860400
others,39735,864000
others,39425,867600
others,41270,871200
others,46530,874800
others,59516,878400
others,69288,882000
others,82451,885600
others,87128,889200
others,69359,892800
others,68522,896400
others,72088,900000
others,72064,903600
others,86134,907200
others,52183,910800
others,32017,914400
others,27226,918000
others,20983,921600
others,21361,925200
others,19203,928800
others,22667,932400
others,23611,936000
others,21857,939600
others,21221,943200
others,21615,946800
others,131988,950400
others,129132,954000
others,110326,957600
others,115602,961200
others,121836,964800
others,117714,968400
others,86473,972000
others,34721,975600
others,39717,979200
others,38424,982800
others,40273,986400
others,44825,990000
others,39309,993600
others,38186,997200
others,33972,1000800
others,30884,1004400
others,62649,1008000
others,28482,1011600
others,21966,1015200
others,20737,1018800
others,21395,1022400
others,18330,1026000
others,18158,1029600
others,18928,1033200
others,20872,1036800
others,21306,1040400
others,21714,1044000
others,19808,1047600
others,28775,1051200
others,31424,1054800
others,46366,1058400
others,26502,1062000
others,20248,1065600
others,19149,1069200
others,18576,1072800
others,18238,1076400
others,20033,1080000
others,19150,1083600
others,21091,1087200
others,20466,1090800
others,20242,1094400
others,20403,1098000
others,17162,1101600
others,15156,1105200
others,15345,1108800
others,15255,1112400
others,15145,1116000
others,15770,1119600
others,17035,1123200
others,16657,1126800
others,20642,1130400
others,15688,1134000
others,29118,1137600
others,29724,1141200
others,45503,1144800
others,30782,1148400
others,17424,1152000
others,14961,1155600
others,17950,1159200
others,14696,1162800
others,16506,1166400
others,18119,1170000
others,15879,1173600
others,16028,1177200
others,15870,1180800
others,17604,1184400
others,16582,1188000
others,16041,1191600
others,18841,1195200
others,17581,1198800
others,20465,1202400
others,22713,1206000
queue,13318676,0
queue,13368274,3600
queue,14202788,7200
queue,13700915,10800
queue,14535180,14400
queue,14342425,18000
queue,15031539,21600
queue,15452081,25200
queue,15464723,28800
queue,15472082,32400
queue,15974128,36000
queue,16454484,39600
queue,16553075,43200
queue,17930739,46800
queue,18298910,50400
queue,18307213,54000
queue,18274226,57600
queue,17893625,61200
queue,17566761,64800
queue,16827203,68400
queue,15813805,72000
queue,15376859,75600
queue,14266999,79200
queue,14121591,82800
queue,13991523,86400
queue,13704219,90000
queue,13903311,93600
queue,14121744,97200
queue,13925257,100800
queue,13118767,104400
queue,14246903,108000
queue,15086720,111600
queue,15482176,115200
queue,15484476,118800
queue,15771032,122400
queue,15616250,126000
queue,17483855,129600
queue,17450215,133200
queue,17562680,136800
queue,17452590,140400
queue,17382278,144000
queue,17171254,147600
queue,17364817,151200
queue,16981812,154800
queue,16794607,158400
queue,17060934,162000
queue,16578386,165600
queue,16076859,169200
queue,15208239,172800
queue,15022788,176400
queue,15129531,180000
queue,14199569,183600
queue,13720574,187200
queue,13526068,190800
queue,14108496,194400
queue,14458283,198000
queue,14342707,201600
queue,15050643,205200
queue,14920172,208800
queue,15412684,212400
queue,15025990,216000
queue,16447471,219600
queue,16785823,223200
queue,16664183,226800
queue,16376506,230400
queue,17477966,234000
queue,21399748,237600
queue,17014643,241200
queue,16906816,244800
queue,16739000,248400
queue,16839073,252000
queue,16320377,255600
queue,16088895,259200
queue,16736293,262800
queue,15586176,266400
queue,15456896,270000
queue,14812692,273600
queue,15038397,277200
queue,15693477,280800
queue,16281314,284400
queue,16427208,288000
queue,16287661,291600
queue,16314743,295200
queue,16749661,298800
queue,17490327,302400
queue,18145479,306000
queue,17704691,309600
queue,17307403,313200
queue,16915952,316800
queue,17253302,320400
queue,16961039,324000
queue,16798404,327600
queue,15872665,331200
queue,14837656,334800
queue,15417754,338400
queue,13910082,342000
queue,13509131,345600
queue,12787375,349200
queue,13388449,352800
queue,13215594,356400
queue,12833413,360000
queue,14659486,363600
queue,15476725,367200
queue,16015163,370800
queue,16103583,374400
queue,16125259,378000
queue,16461204,381600
queue,16902607,385200
queue,17214537,388800
queue,18364905,392400
queue,17275394,396000
queue,16786896,399600
queue,17154730,403200
queue,16798110,406800
queue,17232955,410400
queue,16508282,414000
queue,16133942,417600
queue,16728575,421200
queue,15641187,424800
queue,14771125,428400
queue,13811304,432000
queue,14451336,435600
queue,15056526,439200
queue,16664578,442800
queue,16579644,446400
queue,16511975,450000
queue,17229208,453600
queue,17983097,457200
queue,17741408,460800
queue,16945162,464400
queue,16953345,468000
queue,16765792,471600
queue,16742659,475200
queue,18312390,478800
queue,18409649,482400
queue,15087503,486000
queue,13530886,489600
queue,13012249,493200
queue,13376870,496800
queue,13552164,500400
queue,12803126,504000
queue,13529561,507600
queue,12672661,511200
queue,12416745,514800
queue,12828120,518400
queue,14530818,522000
queue,15236862,525600
queue,18933616,529200
queue,16042148,532800
queue,16165296,536400
queue,15807364,540000
queue,13960416,543600
queue,13758092,547200
queue,13597010,550800
queue,13637338,554400
queue,13535873,558000
queue,13577650,561600
queue,15906301,565200
queue,20136124,568800
queue,17577639,572400
queue,14377134,576000
queue,13732386,579600
queue,13081426,583200
queue,12730322,586800
queue,12267234,590400
queue,13503422,594000
queue,12972032,597600
queue,12145288,601200
queue,11390195,604800
queue,11253561,608400
queue,12001901,612000
queue,11722963,615600
queue,11616294,619200
queue,11655215,622800
queue,13155523,626400
queue,14327674,630000
queue,14156483,633600
queue,14288087,637200
queue,15564354,640800
queue,15564102,644400
queue,15964577,648000
queue,16678038,651600
queue,16953303,655200
queue,17609725,658800
queue,16560285,662400
queue,16861583,666000
queue,16942129,669600
queue,15355092,673200
queue,15027311,676800
queue,15332096,680400
queue,15097129,684000
queue,13999932,687600
queue,13109638,691200
queue,12850676,694800
queue,12571922,698400
queue,11685300,702000
queue,11796966,705600
queue,11708847,709200
queue,12050498,712800
queue,12906374,716400
queue,12233348,720000
queue,12101933,723600
queue,13375648,727200
queue,12646307,730800
queue,14100594,734400
queue,14820850,738000
queue,14496865,741600
queue,14689375,745200
queue,15684896,748800
queue,16155347,752400
queue,16553536,756000
queue,15205084,759600
queue,15399871,763200
queue,15041254,766800
queue,15140451,770400
queue,14696375,774000
queue,13962994,777600
queue,13882286,781200
queue,13662821,784800
queue,13369829,788400
queue,13442326,792000
queue,12901312,795600
queue,13470214,799200
queue,14667075,802800
queue,13592901,806400
queue,14076939,810000
queue,13865238,813600
queue,14035927,817200
queue,15028099,820800
queue,16244247,824400
queue,15590294,828000
queue,15433178,831600
queue,15911855,835200
queue,16429985,838800
queue,15689239,842400
queue,14507265,846000
queue,15553710,849600
queue,15991892,853200
queue,16146671,856800
queue,14929777,860400
queue,15648830,864000
queue,14272203,867600
queue,14225941,871200
queue,13495577,874800
queue,13856187,878400
queue,14035521,882000
queue,14834550,885600
queue,15829267,889200
queue,14673828,892800
queue,15934799,896400
queue,16257735,900000
queue,16596181,903600
queue,18295461,907200
queue,19424772,910800
queue,16954717,914400
queue,17252646,918000
queue,15794529,921600
queue,15875944,925200
queue,15724867,928800
queue,15642496,932400
queue,15073357,936000
queue,12989374,939600
queue,13519603,943200
queue,12142601,946800
queue,11882770,950400
queue,11279246,954000
queue,11249102,957600
queue,10520581,961200
queue,10838171,964800
queue,11391180,968400
queue,11630028,972000
queue,12740811,975600
queue,12513163,979200
queue,12648997,982800
queue,14490296,986400
queue,15635171,990000
queue,16193093,993600
queue,16715192,997200
queue,14451760,1000800
queue,15814819,1004400
queue,16649341,1008000
queue,18196792,1011600
queue,21248614,1015200
queue,20650884,1018800
queue,19565515,1022400
queue,20056979,1026000
queue,20637719,1029600
queue,18555744,1033200
queue,18242898,1036800
queue,16833848,1040400
queue,16059256,1044000
queue,15377625,1047600
queue,16742882,1051200
queue,17457322,1054800
queue,18372555,1058400
queue,19814673,1062000
queue,19358947,1065600
queue,19237455,1069200
queue,19059618,1072800
queue,18703095,1076400
queue,19052538,1080000
queue,19921573,1083600
queue,20069470,1087200
queue,20054422,1090800
queue,20049665,1094400
queue,20102721,1098000
queue,19165122,1101600
queue,18999775,1105200
queue,18045949,1108800
queue,17899583,1112400
queue,17860815,1116000
queue,17710247,1119600
queue,17562137,1123200
queue,17383057,1126800
queue,17936580,1130400
queue,18122449,1134000
queue,18207538,1137600
queue,18839006,1141200
queue,19154791,1144800
queue,20137574,1148400
queue,19680697,1152000
queue,20111239,1155600
queue,19758851,1159200
queue,19701815,1162800
queue,20962592,1166400
queue,21173039,1170000
queue,21451362,1173600
queue,19812727,1177200
queue,20281827,1180800
queue,20876572,1184400
queue,20263811,1188000
queue,19504526,1191600
queue,19355475,1195200
queue,19278854,1198800
queue,18802563,1202400
queue,18010325,1206000
storage,222687,0
storage,243746,3600
storage,259436,7200
storage,264060,10800
storage,267988,14400
storage,281291,18000
storage,316076,21600
storage,319966,25200
storage,386137,28800
storage,338716,32400
storage,313953,36000
storage,303879,39600
storage,322774,43200
storage,320826,46800
storage,325936,50400
storage,345594,54000
storage,381873,57600
storage,342753,61200
storage,363746,64800
storage,345256,68400
storage,347278,72000
storage,326312,75600
storage,377445,79200
storage,341371,82800
storage,318997,86400
storage,353198,90000
storage,345026,93600
storage,288914,97200
storage,264690,100800
storage,261207,104400
storage,298072,108000
storage,303522,111600
storage,306887,115200
storage,316612,118800
storage,329768,122400
storage,271356,126000
storage,257139,129600
storage,283911,133200
storage,270680,136800
storage,314703,140400
storage,349788,144000
storage,281453,147600
storage,317107,151200
storage,293002,154800
storage,265376,158400
storage,260620,162000
storage,329163,165600
storage,327519,169200
storage,307495,172800
storage,323967,176400
storage,292072,180000
storage,321602,183600
storage,303459,187200
storage,285034,190800
storage,273905,194400
storage,302073,198000
storage,300316,201600
storage,298755,205200
storage,293433,208800
storage,332030,212400
storage,323164,216000
storage,318930,219600
storage,304248,223200
storage,292213,226800
storage,324397,230400
storage,344676,234000
storage,363467,237600
storage,374239,241200
storage,329468,244800
storage,327116,248400
storage,311888,252000
storage,282915,255600
storage,263914,259200
storage,327267,262800
storage,289581,266400
storage,272041,270000
storage,270493,273600
storage,254466,277200
storage,236999,280800
storage,279204,284400
storage,307879,288000
storage,248457,291600
storage,240014,295200
storage,319233,298800
storage,308364,302400
storage,334016,306000
storage,360884,309600
storage,273277,313200
storage,291334,316800
storage,280888,320400
storage,291896,324000
storage,278433,327600
storage,282200,331200
storage,279685,334800
storage,314987,338400
storage,295588,342000
storage,277835,345600
storage,323961,349200
storage,293763,352800
storage,293817,356400
storage,300223,360000
storage,276916,363600
storage,270549,367200
storage,296932,370800
storage,296410,374400
storage,312844,378000
storage,284918,381600
storage,283167,385200
storage,299194,388800
storage,347142,392400
storage,314030,396000
storage,296422,399600
storage,293538,403200
storage,309065,406800
storage,301199,410400
storage,247182,414000
storage,258791,417600
storage,261291,421200
storage,266423,424800
storage,240840,428400
storage,232421,432000
storage,253904,435600
storage,238231,439200
storage,249665,442800
storage,231869,446400
storage,229848,450000
storage,209060,453600
storage,203306,457200
storage,192536,460800
storage,195473,464400
storage,208619,468000
storage,187989,471600
storage,198774,475200
storage,210115,478800
storage,219558,482400
storage,209225,486000
storage,241689,489600
storage,229841,493200
storage,235283,496800
storage,239168,500400
storage,244446,504000
storage,225884,507600
storage,217407,511200
storage,224958,514800
storage,203801,518400
storage,222816,522000
storage,213676,525600
storage,210384,529200
storage,238783,532800
storage,211076,536400
storage,225524,540000
storage,186111,543600
storage,181168,547200
storage,190178,550800
storage,205224,554400
storage,217569,558000
storage,231127,561600
storage,214894,565200
storage,201008,568800
storage,214515,572400
storage,230762,576000
storage,241470,579600
storage,261478,583200
storage,245591,586800
storage,242554,590400
storage,253366,594000
storage,248481,597600
storage,244130,601200
storage,241467,604800
storage,272491,608400
storage,311301,612000
storage,299315,615600
storage,301136,619200
storage,263425,622800
storage,277673,626400
storage,296922,630000
storage,291257,633600
storage,290718,637200
storage,291923,640800
storage,308031,644400
storage,312911,648000
storage,313364,651600
storage,327578,655200
storage,321513,658800
storage,292088,662400
storage,299182,666000
storage,295957,669600
storage,303478,673200
storage,310902,676800
storage,280984,680400
storage,321539,684000
storage,243418,687600
storage,247944,691200
storage,275175,694800
storage,249395,698400
storage,248678,702000
storage,282950,705600
storage,335911,709200
storage,434608,712800
storage,358930,716400
storage,312748,720000
storage,289688,723600
storage,302137,727200
storage,323627,730800
storage,326290,734400
storage,350808,738000
storage,341022,741600
storage,317349,745200
storage,330314,748800
storage,347298,752400
storage,332502,756000
storage,314876,759600
storage,334412,763200
storage,332625,766800
storage,343917,770400
storage,307184,774000
storage,290387,777600
storage,321960,781200
storage,306897,784800
storage,295262,788400
storage,307502,792000
storage,312458,795600
storage,295732,799200
storage,291882,802800
storage,289133,806400
storage,290094,810000
storage,273654,813600
storage,275989,817200
storage,284475,820800
storage,294129,824400
storage,290177,828000
storage,292460,831600
storage,299499,835200
storage,309836,838800
storage,320181,842400
storage,301724,846000
storage,296326,849600
storage,277273,853200
storage,342878,856800
storage,337901,860400
storage,302267,864000
storage,331604,867600
storage,280610,871200
storage,260829,874800
storage,277805,878400
storage,365582,882000
storage,398508,885600
storage,358599,889200
storage,363868,892800
storage,372302,896400
storage,353955,900000
storage,332607,903600
storage,333798,907200
storage,351129,910800
storage,327004,914400
storage,352866,918000
storage,358634,921600
storage,348835,925200
storage,335698,928800
storage,341316,932400
storage,334608,936000
storage,301593,939600
storage,342411,943200
storage,316145,946800
storage,318017,950400
storage,358783,954000
storage,341851,957600
storage,308912,961200
storage,299893,964800
storage,295740,968400
storage,296594,972000
storage,299579,975600
storage,301135,979200
storage,308433,982800
storage,284345,986400
storage,282344,990000
storage,304661,993600
storage,287629,997200
storage,314736,1000800
storage,310079,1004400
storage,334927,1008000
storage,363954,1011600
storage,331671,1015200
storage,296062,1018800
storage,298654,1022400
storage,269453,1026000
storage,330015,1029600
storage,266660,1033200
storage,247991,1036800
storage,258690,1040400
storage,249713,1044000
storage,235324,1047600
storage,261230,1051200
storage,238223,1054800
storage,214474,1058400
storage,229845,1062000
storage,203956,1065600
storage,229149,1069200
storage,209084,1072800
storage,207044,1076400
storage,219644,1080000
storage,318776,1083600
storage,433205,1087200
storage,376379,1090800
storage,409711,1094400
storage,383921,1098000
storage,410451,1101600
storage,380773,1105200
storage,312748,1108800
storage,260417,1112400
storage,265728,1116000
storage,290852,1119600
storage,272674,1123200
storage,252374,1126800
storage,266774,1130400
storage,260116,1134000
storage,264249,1137600
storage,258141,1141200
storage,240355,1144800
storage,249076,1148400
storage,252342,1152000
storage,378432,1155600
storage,230156,1159200
storage,226477,1162800
storage,242961,1166400
storage,262583,1170000
storage,249979,1173600
storage,248126,1177200
storage,326169,1180800
storage,265796,1184400
storage,287104,1188000
storage,288048,1191600
storage,307625,1195200
storage,420861,1198800
storage,312053,1202400
storage,278254,1206000
timer,709340,0
timer,684153,3600
timer,680725,7200
timer,683635,10800
timer,687158,14400
timer,682815,18000
timer,685526,21600
timer,682155,25200
timer,689986,28800
timer,681750,32400
timer,683596,36000
timer,677620,39600
timer,697680,43200
timer,676114,46800
timer,680204,50400
timer,687103,54000
timer,700004,57600
timer,693228,61200
timer,692350,64800
timer,687636,68400
timer,697881,72000
timer,691241,75600
timer,687799,79200
timer,687388,82800
timer,703975,86400
timer,674993,90000
timer,673523,93600
timer,677579,97200
timer,683728,100800
timer,675700,104400
timer,682336,108000
timer,681211,111600
timer,690174,115200
timer,687089,118800
timer,689785,122400
timer,679750,126000
timer,701304,129600
timer,677468,133200
timer,683628,136800
timer,686658,140400
timer,696503,144000
timer,690130,147600
timer,691387,151200
timer,687767,154800
timer,698269,158400
timer,689708,162000
timer,685398,165600
timer,686017,169200
timer,715595,172800
timer,684894,176400
timer,684785,180000
timer,688869,183600
timer,694208,187200
timer,686749,190800
timer,692749,194400
timer,689125,198000
timer,696766,201600
timer,691937,205200
timer,691270,208800
timer,684583,212400
timer,707523,216000
timer,684800,219600
timer,686582,223200
timer,688416,226800
timer,701001,230400
timer,691872,234000
timer,690672,237600
timer,687457,241200
timer,697621,244800
timer,690675,248400
timer,685221,252000
timer,686352,255600
timer,716973,259200
timer,685826,262800
timer,688113,266400
timer,691238,270000
timer,695596,273600
timer,687528,277200
timer,696966,280800
timer,695522,284400
timer,702848,288000
timer,698562,291600
timer,698686,295200
timer,687972,298800
timer,710476,302400
timer,687412,306000
timer,681760,309600
timer,692859,313200
timer,708384,316800
timer,705598,320400
timer,706617,324000
timer,701713,327600
timer,712254,331200
timer,707077,334800
timer,701877,338400
timer,702041,342000
timer,723959,345600
timer,693453,349200
timer,693987,352800
timer,697359,356400
timer,701370,360000
timer,696388,363600
timer,700313,367200
timer,696917,370800
timer,704745,374400
timer,701770,378000
timer,701779,381600
timer,694614,385200
timer,712991,388800
timer,695049,392400
timer,695847,396000
timer,698092,399600
timer,709404,403200
timer,702121,406800
timer,699237,410400
timer,693951,414000
timer,704150,417600
timer,699060,421200
timer,693489,424800
timer,692834,428400
timer,695676,432000
timer,665466,435600
timer,665217,439200
timer,672264,442800
timer,673235,446400
timer,666102,450000
timer,670667,453600
timer,665653,457200
timer,673563,460800
timer,668970,464400
timer,669428,468000
timer,664601,471600
timer,682430,475200
timer,664752,478800
timer,665473,482400
timer,668501,486000
timer,680066,489600
timer,672885,493200
timer,673257,496800
timer,664382,500400
timer,678194,504000
timer,667686,507600
timer,662631,511200
timer,662264,514800
timer,693059,518400
timer,662818,522000
timer,662676,525600
timer,665661,529200
timer,670258,532800
timer,663222,536400
timer,667553,540000
timer,662744,543600
timer,671608,547200
timer,666972,550800
timer,667666,554400
timer,662317,558000
timer,679749,561600
timer,662058,565200
timer,663213,568800
timer,664033,572400
timer,676913,576000
timer,668659,579600
timer,666203,583200
timer,661786,586800
timer,673532,590400
timer,664220,594000
timer,661482,597600
timer,661032,601200
timer,690730,604800
timer,660070,608400
timer,660850,612000
timer,665022,615600
timer,669376,619200
timer,662437,622800
timer,667444,626400
timer,661541,630000
timer,667014,633600
timer,663680,637200
timer,663267,640800
timer,654250,644400
timer,673756,648000
timer,658504,651600
timer,656599,655200
timer,657921,658800
timer,669398,662400
timer,661692,666000
timer,661643,669600
timer,658111,673200
timer,667810,676800
timer,661088,680400
timer,655643,684000
timer,656145,687600
timer,683471,691200
timer,652730,694800
timer,652110,698400
timer,655243,702000
timer,661734,705600
timer,654130,709200
timer,658290,712800
timer,655446,716400
timer,666375,720000
timer,670163,723600
timer,670785,727200
timer,664418,730800
timer,684545,734400
timer,667211,738000
timer,666464,741600
timer,669591,745200
timer,681922,748800
timer,674300,752400
timer,670063,756000
timer,665960,759600
timer,677610,763200
timer,672570,766800
timer,667712,770400
timer,667866,774000
timer,694570,777600
timer,666141,781200
timer,663617,784800
timer,667093,788400
timer,667473,792000
timer,664744,795600
timer,670318,799200
timer,667786,802800
timer,674992,806400
timer,672117,810000
timer,673434,813600
timer,663538,817200
timer,682438,820800
timer,664260,824400
timer,664608,828000
timer,669958,831600
timer,681496,835200
timer,673752,838800
timer,671588,842400
timer,666102,846000
timer,678151,849600
timer,671660,853200
timer,665863,856800
timer,665512,860400
timer,693112,864000
timer,663680,867600
timer,667290,871200
timer,668922,874800
timer,676902,878400
timer,670294,882000
timer,676606,885600
timer,666672,889200
timer,674895,892800
timer,667833,896400
timer,671069,900000
timer,664161,903600
timer,684920,907200
timer,665310,910800
timer,667088,914400
timer,667019,918000
timer,679331,921600
timer,667821,925200
timer,676749,928800
timer,677512,932400
timer,689799,936000
timer,679855,939600
timer,675205,943200
timer,672862,946800
timer,697959,950400
timer,668387,954000
timer,666988,957600
timer,670811,961200
timer,675695,964800
timer,668630,968400
timer,672177,972000
timer,668871,975600
timer,676553,979200
timer,672021,982800
timer,672500,986400
timer,665063,990000
timer,685294,993600
timer,664239,997200
timer,663697,1000800
timer,667170,1004400
timer,677521,1008000
timer,665618,1011600
timer,665419,1015200
timer,665941,1018800
timer,679560,1022400
timer,671854,1026000
timer,666622,1029600
timer,665736,1033200
timer,694379,1036800
timer,668319,1040400
timer,666593,1044000
timer,673749,1047600
timer,672885,1051200
timer,666299,1054800
timer,671080,1058400
timer,666318,1062000
timer,673221,1065600
timer,670245,1069200
timer,670905,1072800
timer,665792,1076400
timer,684443,1080000
timer,665821,1083600
timer,667305,1087200
timer,670496,1090800
timer,681490,1094400
timer,670430,1098000
timer,673528,1101600
timer,665186,1105200
timer,677302,1108800
timer,669183,1112400
timer,666693,1116000
timer,666722,1119600
timer,699250,1123200
timer,672894,1126800
timer,669990,1130400
timer,673357,1134000
timer,678688,1137600
timer,671106,1141200
timer,675652,1144800
timer,670814,1148400
timer,678042,1152000
timer,676004,1155600
timer,671910,1159200
timer,671597,1162800
timer,690819,1166400
timer,670507,1170000
timer,670575,1173600
timer,674620,1177200
timer,685530,1180800
timer,674372,1184400
timer,675012,1188000
timer,670911,1191600
timer,683691,1195200
timer,676792,1198800
timer,673407,1202400
timer,673159,1206000
